region,Year,Incidence,Rolling_Avg_Incidence,Lag_Incidence,Growth_Rate,Cumulative_Incidence
Andaman & Nicobar Islands,2014,310.0,310.0,,,310.0
Andaman & Nicobar Islands,2015,319.0,314.5,310.0,2.903225806451613,629.0
Andaman & Nicobar Islands,2016,331.0,320.0,319.0,3.761755485893417,960.0
Andaman & Nicobar Islands,2017,340.0,330.0,331.0,2.719033232628399,1300.0
Andaman & Nicobar Islands,2018,351.0,340.6666666666667,340.0,3.2352941176470593,1651.0
Andaman & Nicobar Islands,2019,357.0,349.3333333333333,351.0,1.7094017094017095,2008.0
Andaman & Nicobar Islands,2020,366.0,358.0,357.0,2.5210084033613445,2374.0
Andaman & Nicobar Islands,2021,380.0,367.6666666666667,366.0,3.825136612021858,2754.0
Andaman & Nicobar Islands,2022,393.0,379.6666666666667,380.0,3.421052631578948,3147.0
Andaman & Nicobar Islands,2023,401.0,391.3333333333333,393.0,2.035623409669211,3548.0
Andhra Pradesh,2014,61445.0,61445.0,,,61445.0
Andhra Pradesh,2015,62888.0,62166.5,61445.0,2.348441695825535,124333.0
Andhra Pradesh,2016,64371.0,62901.333333333336,62888.0,2.358160539371581,188704.0
Andhra Pradesh,2017,65839.0,64366.0,64371.0,2.2805300523527676,254543.0
Andhra Pradesh,2018,67370.0,65860.0,65839.0,2.325369461869105,321913.0
Andhra Pradesh,2019,68883.0,67364.0,67370.0,2.2458067389045566,390796.0
Andhra Pradesh,2020,70424.0,68892.33333333333,68883.0,2.23712672212302,461220.0
Andhra Pradesh,2021,71970.0,70425.66666666667,70424.0,2.195274338293763,533190.0
Andhra Pradesh,2022,73536.0,71976.66666666667,71970.0,2.1759066277615675,606726.0
Andhra Pradesh,2023,75086.0,73530.66666666667,73536.0,2.107811140121845,681812.0
Arunachal Pradesh,2014,905.0,905.0,,,905.0
Arunachal Pradesh,2015,933.0,919.0,905.0,3.0939226519337018,1838.0
Arunachal Pradesh,2016,953.0,930.3333333333334,933.0,2.1436227224008575,2791.0
Arunachal Pradesh,2017,968.0,951.3333333333334,953.0,1.5739769150052465,3759.0
Arunachal Pradesh,2018,991.0,970.6666666666666,968.0,2.37603305785124,4750.0
Arunachal Pradesh,2019,1015.0,991.3333333333334,991.0,2.4217961654894045,5765.0
Arunachal Pradesh,2020,1035.0,1013.6666666666666,1015.0,1.9704433497536946,6800.0
Arunachal Pradesh,2021,1064.0,1038.0,1035.0,2.8019323671497585,7864.0
Arunachal Pradesh,2022,1087.0,1062.0,1064.0,2.161654135338346,8951.0
Arunachal Pradesh,2023,1125.0,1092.0,1087.0,3.4958601655933763,10076.0
Assam,2014,32555.0,32555.0,,,32555.0
Assam,2015,33388.0,32971.5,32555.0,2.5587467362924285,65943.0
Assam,2016,34230.0,33391.0,33388.0,2.5218641428057986,100173.0
Assam,2017,35130.0,34249.333333333336,34230.0,2.6292725679228743,135303.0
Assam,2018,36029.0,35129.666666666664,35130.0,2.559066325078281,171332.0
Assam,2019,36948.0,36035.666666666664,36029.0,2.550723028671348,208280.0
Assam,2020,37880.0,36952.333333333336,36948.0,2.522464003464328,246160.0
Assam,2021,38834.0,37887.333333333336,37880.0,2.518479408658923,284994.0
Assam,2022,39787.0,38833.666666666664,38834.0,2.4540351238605345,324781.0
Assam,2023,40721.0,39780.666666666664,39787.0,2.3475004398421593,365502.0
Bihar,2014,88415.0,88415.0,,,88415.0
Bihar,2015,90814.0,89614.5,88415.0,2.7133404965220835,179229.0
Bihar,2016,93283.0,90837.33333333333,90814.0,2.7187438060210978,272512.0
Bihar,2017,95801.0,93299.33333333333,93283.0,2.699312843712145,368313.0
Bihar,2018,98383.0,95822.33333333333,95801.0,2.695170196553272,466696.0
Bihar,2019,101014.0,98399.33333333333,98383.0,2.674242501245134,567710.0
Bihar,2020,103711.0,101036.0,101014.0,2.6699269408200843,671421.0
Bihar,2021,106435.0,103720.0,103711.0,2.626529490603697,777856.0
Bihar,2022,109274.0,106473.33333333333,106435.0,2.6673556630807536,887130.0
Bihar,2023,112180.0,109296.33333333333,109274.0,2.659370023976426,999310.0
Chandigarh,2014,857.0,857.0,,,857.0
Chandigarh,2015,887.0,872.0,857.0,3.5005834305717616,1744.0
Chandigarh,2016,911.0,885.0,887.0,2.705749718151071,2655.0
Chandigarh,2017,939.0,912.3333333333334,911.0,3.0735455543358947,3594.0
Chandigarh,2018,966.0,938.6666666666666,939.0,2.8753993610223643,4560.0
Chandigarh,2019,994.0,966.3333333333334,966.0,2.898550724637681,5554.0
Chandigarh,2020,1024.0,994.6666666666666,994.0,3.0181086519114686,6578.0
Chandigarh,2021,1053.0,1023.6666666666666,1024.0,2.83203125,7631.0
Chandigarh,2022,1088.0,1055.0,1053.0,3.323836657169991,8719.0
Chandigarh,2023,1120.0,1087.0,1088.0,2.941176470588235,9839.0
Chhattisgarh,2014,23809.0,23809.0,,,23809.0
Chhattisgarh,2015,24440.0,24124.5,23809.0,2.650258305682725,48249.0
Chhattisgarh,2016,25094.0,24447.666666666668,24440.0,2.675941080196399,73343.0
Chhattisgarh,2017,25768.0,25100.666666666668,25094.0,2.68590101219415,99111.0
Chhattisgarh,2018,26443.0,25768.333333333332,25768.0,2.619528096864328,125554.0
Chhattisgarh,2019,27113.0,26441.333333333332,26443.0,2.5337518435880955,152667.0
Chhattisgarh,2020,27828.0,27128.0,27113.0,2.637111348799469,180495.0
Chhattisgarh,2021,28529.0,27823.333333333332,27828.0,2.519045565617364,209024.0
Chhattisgarh,2022,29253.0,28536.666666666668,28529.0,2.537768586350731,238277.0
Chhattisgarh,2023,30014.0,29265.333333333332,29253.0,2.6014425870850855,268291.0
Dadra & Nagar Haveli,2014,129.0,129.0,,,129.0
Dadra & Nagar Haveli,2015,139.0,134.0,129.0,7.751937984496124,268.0
Dadra & Nagar Haveli,2016,153.0,140.33333333333334,139.0,10.071942446043165,421.0
Dadra & Nagar Haveli,2017,164.0,152.0,153.0,7.18954248366013,585.0
Dadra & Nagar Haveli,2018,173.0,163.33333333333334,164.0,5.487804878048781,758.0
Dadra & Nagar Haveli,2019,186.0,174.33333333333334,173.0,7.514450867052023,944.0
Dadra & Nagar Haveli,2020,206.0,188.33333333333334,186.0,10.75268817204301,1150.0
Dadra & Nagar Haveli,2021,219.0,203.66666666666666,206.0,6.310679611650485,1369.0
Dadra & Nagar Haveli,2022,238.0,221.0,219.0,8.67579908675799,1607.0
Dadra & Nagar Haveli,2023,252.0,236.33333333333334,238.0,5.88235294117647,1859.0
Daman & Diu,2014,75.0,75.0,,,75.0
Daman & Diu,2015,80.0,77.5,75.0,6.666666666666667,155.0
Daman & Diu,2016,89.0,81.33333333333333,80.0,11.25,244.0
Daman & Diu,2017,97.0,88.66666666666667,89.0,8.98876404494382,341.0
Daman & Diu,2018,107.0,97.66666666666667,97.0,10.309278350515463,448.0
Daman & Diu,2019,118.0,107.33333333333333,107.0,10.2803738317757,566.0
Daman & Diu,2020,124.0,116.33333333333333,118.0,5.084745762711865,690.0
Daman & Diu,2021,135.0,125.66666666666667,124.0,8.870967741935484,825.0
Daman & Diu,2022,150.0,136.33333333333334,135.0,11.11111111111111,975.0
Daman & Diu,2023,161.0,148.66666666666666,150.0,7.333333333333333,1136.0
Delhi,2014,20817.0,20817.0,,,20817.0
Delhi,2015,21518.0,21167.5,20817.0,3.367440073017246,42335.0
Delhi,2016,22224.0,21519.666666666668,21518.0,3.2809740682219535,64559.0
Delhi,2017,22936.0,22226.0,22224.0,3.2037437005039595,87495.0
Delhi,2018,23678.0,22946.0,22936.0,3.235088943146146,111173.0
Delhi,2019,24436.0,23683.333333333332,23678.0,3.2012838922206264,135609.0
Delhi,2020,25178.0,24430.666666666668,24436.0,3.03650351939761,160787.0
Delhi,2021,25969.0,25194.333333333332,25178.0,3.141631583128128,186756.0
Delhi,2022,26735.0,25960.666666666668,25969.0,2.9496707612923103,213491.0
Delhi,2023,27561.0,26755.0,26735.0,3.0895829437067515,241052.0
Goa,2014,1404.0,1404.0,,,1404.0
Goa,2015,1437.0,1420.5,1404.0,2.3504273504273505,2841.0
Goa,2016,1472.0,1437.6666666666667,1437.0,2.4356297842727903,4313.0
Goa,2017,1510.0,1473.0,1472.0,2.5815217391304346,5823.0
Goa,2018,1543.0,1508.3333333333333,1510.0,2.185430463576159,7366.0
Goa,2019,1591.0,1548.0,1543.0,3.1108230719377836,8957.0
Goa,2020,1618.0,1584.0,1591.0,1.697045883092395,10575.0
Goa,2021,1652.0,1620.3333333333333,1618.0,2.1013597033374536,12227.0
Goa,2022,1700.0,1656.6666666666667,1652.0,2.9055690072639226,13927.0
Goa,2023,1735.0,1695.6666666666667,1700.0,2.0588235294117645,15662.0
Gujarat,2014,59265.0,59265.0,,,59265.0
Gujarat,2015,60924.0,60094.5,59265.0,2.7992913186535056,120189.0
Gujarat,2016,62601.0,60930.0,60924.0,2.752609808942289,182790.0
Gujarat,2017,64325.0,62616.666666666664,62601.0,2.753949617418252,247115.0
Gujarat,2018,66069.0,64331.666666666664,64325.0,2.7112320248736883,313184.0
Gujarat,2019,67841.0,66078.33333333333,66069.0,2.6820445292043167,381025.0
Gujarat,2020,69660.0,67856.66666666667,67841.0,2.681269438834923,450685.0
Gujarat,2021,71507.0,69669.33333333333,69660.0,2.651449899511915,522192.0
Gujarat,2022,73382.0,71516.33333333333,71507.0,2.6221209112394592,595574.0
Gujarat,2023,75290.0,73393.0,73382.0,2.6000926657763483,670864.0
Haryana,2014,24702.0,24702.0,,,24702.0
Haryana,2015,25447.0,25074.5,24702.0,3.015950125495911,50149.0
Haryana,2016,26162.0,25437.0,25447.0,2.809761465005698,76311.0
Haryana,2017,26904.0,26171.0,26162.0,2.836174604388044,103215.0
Haryana,2018,27665.0,26910.333333333332,26904.0,2.8285756764793337,130880.0
Haryana,2019,28453.0,27674.0,27665.0,2.848364359298753,159333.0
Haryana,2020,29219.0,28445.666666666668,28453.0,2.6921589990510664,188552.0
Haryana,2021,30015.0,29229.0,29219.0,2.7242547657346248,218567.0
Haryana,2022,30851.0,30028.333333333332,30015.0,2.785274029651841,249418.0
Haryana,2023,31679.0,30848.333333333332,30851.0,2.6838676217950796,281097.0
Himachal Pradesh,2014,7685.0,7685.0,,,7685.0
Himachal Pradesh,2015,7869.0,7777.0,7685.0,2.394274560832791,15554.0
Himachal Pradesh,2016,8037.0,7863.666666666667,7869.0,2.134959969500572,23591.0
Himachal Pradesh,2017,8221.0,8042.333333333333,8037.0,2.289411471942267,31812.0
Himachal Pradesh,2018,8412.0,8223.333333333334,8221.0,2.3233183311032723,40224.0
Himachal Pradesh,2019,8589.0,8407.333333333334,8412.0,2.1041369472182594,48813.0
Himachal Pradesh,2020,8799.0,8600.0,8589.0,2.444987775061125,57612.0
Himachal Pradesh,2021,8978.0,8788.666666666666,8799.0,2.034322082054779,66590.0
Himachal Pradesh,2022,9164.0,8980.333333333334,8978.0,2.0717308977500557,75754.0
Himachal Pradesh,2023,9373.0,9171.666666666666,9164.0,2.2806634657354867,85127.0
Jammu & Kashmir,2014,11098.0,11098.0,,,11098.0
Jammu & Kashmir,2015,11404.0,11251.0,11098.0,2.757253559199856,22502.0
Jammu & Kashmir,2016,11702.0,11401.333333333334,11404.0,2.6131182041388987,34204.0
Jammu & Kashmir,2017,12018.0,11708.0,11702.0,2.7003930951974024,46222.0
Jammu & Kashmir,2018,12344.0,12021.333333333334,12018.0,2.7125977700116493,58566.0
Jammu & Kashmir,2019,12396.0,12252.666666666666,12344.0,0.42125729099157483,70962.0
Jammu & Kashmir,2020,12726.0,12488.666666666666,12396.0,2.6621490803484993,83688.0
Jammu & Kashmir,2021,13060.0,12727.333333333334,12726.0,2.6245481691026242,96748.0
Jammu & Kashmir,2022,13395.0,13060.333333333334,13060.0,2.565084226646248,110143.0
Jammu & Kashmir,2023,13744.0,13399.666666666666,13395.0,2.6054497946995148,123887.0
Jharkhand,2014,28739.0,28739.0,,,28739.0
Jharkhand,2015,29562.0,29150.5,28739.0,2.8637043738473853,58301.0
Jharkhand,2016,30402.0,29567.666666666668,29562.0,2.8414856910899124,88703.0
Jharkhand,2017,31275.0,30413.0,30402.0,2.871521610420367,119978.0
Jharkhand,2018,32150.0,31275.666666666668,31275.0,2.7977617905675456,152128.0
Jharkhand,2019,33045.0,32156.666666666668,32150.0,2.7838258164852254,185173.0
Jharkhand,2020,33961.0,33052.0,33045.0,2.7719776062944472,219134.0
Jharkhand,2021,34910.0,33972.0,33961.0,2.7943817908777717,254044.0
Jharkhand,2022,35860.0,34910.333333333336,34910.0,2.721283299914065,289904.0
Jharkhand,2023,36840.0,35870.0,35860.0,2.7328499721137756,326744.0
Karnataka,2014,73619.0,73619.0,,,73619.0
Karnataka,2015,75595.0,74607.0,73619.0,2.684089705103302,149214.0
Karnataka,2016,77608.0,75607.33333333333,75595.0,2.6628745287386733,226822.0
Karnataka,2017,79626.0,77609.66666666667,77608.0,2.600247397175549,306448.0
Karnataka,2018,81729.0,79654.33333333333,79626.0,2.6410971290784415,388177.0
Karnataka,2019,83824.0,81726.33333333333,81729.0,2.5633496066267787,472001.0
Karnataka,2020,85968.0,83840.33333333333,83824.0,2.557740026722657,557969.0
Karnataka,2021,88126.0,85972.66666666667,85968.0,2.5102363670202865,646095.0
Karnataka,2022,90349.0,88147.66666666667,88126.0,2.522524567097111,736444.0
Karnataka,2023,92560.0,90345.0,90349.0,2.447177057853435,829004.0
Kerala,2014,51258.0,51258.0,,,51258.0
Kerala,2015,52220.0,51739.0,51258.0,1.8767802099184518,103478.0
Kerala,2016,53169.0,52215.666666666664,52220.0,1.8173113749521255,156647.0
Kerala,2017,54157.0,53182.0,53169.0,1.8582256578081213,210804.0
Kerala,2018,55145.0,54157.0,54157.0,1.8243255719482245,265949.0
Kerala,2019,56148.0,55150.0,55145.0,1.818841236739505,322097.0
Kerala,2020,57155.0,56149.333333333336,56148.0,1.793474389114483,379252.0
Kerala,2021,58139.0,57147.333333333336,57155.0,1.7216341527425423,437391.0
Kerala,2022,59143.0,58145.666666666664,58139.0,1.7268958874421643,496534.0
Kerala,2023,60162.0,59148.0,59143.0,1.722942698206043,556696.0
Ladakh,2019,279.0,279.0,,,279.0
Ladakh,2020,286.0,282.5,279.0,2.5089605734767026,565.0
Ladakh,2021,294.0,286.3333333333333,286.0,2.797202797202797,859.0
Ladakh,2022,302.0,294.0,294.0,2.7210884353741496,1161.0
Ladakh,2023,309.0,301.6666666666667,302.0,2.3178807947019866,1470.0
Lakshadweep,2014,21.0,21.0,,,21.0
Lakshadweep,2015,24.0,22.5,21.0,14.285714285714285,45.0
Lakshadweep,2016,25.0,23.333333333333332,24.0,4.166666666666666,70.0
Lakshadweep,2017,26.0,25.0,25.0,4.0,96.0
Lakshadweep,2018,27.0,26.0,26.0,3.8461538461538463,123.0
Lakshadweep,2019,27.0,26.666666666666668,27.0,0.0,150.0
Lakshadweep,2020,27.0,27.0,27.0,0.0,177.0
Lakshadweep,2021,28.0,27.333333333333332,27.0,3.7037037037037033,205.0
Lakshadweep,2022,28.0,27.666666666666668,28.0,0.0,233.0
Lakshadweep,2023,31.0,29.0,28.0,10.714285714285714,264.0
Madhya Pradesh,2014,66584.0,66584.0,,,66584.0
Madhya Pradesh,2015,68375.0,67479.5,66584.0,2.6898353958909045,134959.0
Madhya Pradesh,2016,70214.0,68391.0,68375.0,2.6895795246800733,205173.0
Madhya Pradesh,2017,72065.0,70218.0,70214.0,2.6362263935967185,277238.0
Madhya Pradesh,2018,73957.0,72078.66666666667,72065.0,2.6254076181225283,351195.0
Madhya Pradesh,2019,75911.0,73977.66666666667,73957.0,2.6420758008031693,427106.0
Madhya Pradesh,2020,77888.0,75918.66666666667,75911.0,2.6043656387084875,504994.0
Madhya Pradesh,2021,79871.0,77890.0,77888.0,2.5459634346754316,584865.0
Madhya Pradesh,2022,81901.0,79886.66666666667,79871.0,2.5415983273027756,666766.0
Madhya Pradesh,2023,84029.0,81933.66666666667,81901.0,2.598258873518028,750795.0
Maharashtra,2014,100275.0,100275.0,,,100275.0
Maharashtra,2015,102831.0,101553.0,100275.0,2.5489902767389676,203106.0
Maharashtra,2016,105407.0,102837.66666666667,102831.0,2.505081152570723,308513.0
Maharashtra,2017,108023.0,105420.33333333333,105407.0,2.481808608536435,416536.0
Maharashtra,2018,110696.0,108042.0,108023.0,2.474473028891995,527232.0
Maharashtra,2019,113374.0,110697.66666666667,110696.0,2.4192382741923826,640606.0
Maharashtra,2020,116121.0,113397.0,113374.0,2.4229541164640924,756727.0
Maharashtra,2021,118906.0,116133.66666666667,116121.0,2.3983603310340076,875633.0
Maharashtra,2022,121717.0,118914.66666666667,118906.0,2.3640522765882293,997350.0
Maharashtra,2023,124584.0,121735.66666666667,121717.0,2.3554639039739724,1121934.0
Manipur,2014,1574.0,1574.0,,,1574.0
Manipur,2015,1614.0,1594.0,1574.0,2.5412960609911055,3188.0
Manipur,2016,1679.0,1622.3333333333333,1614.0,4.027261462205701,4867.0
Manipur,2017,1748.0,1680.3333333333333,1679.0,4.10958904109589,6615.0
Manipur,2018,1803.0,1743.3333333333333,1748.0,3.1464530892448517,8418.0
Manipur,2019,1844.0,1798.3333333333333,1803.0,2.273987798114254,10262.0
Manipur,2020,1899.0,1848.6666666666667,1844.0,2.9826464208242953,12161.0
Manipur,2021,2022.0,1921.6666666666667,1899.0,6.477093206951026,14183.0
Manipur,2022,2097.0,2006.0,2022.0,3.7091988130563793,16280.0
Manipur,2023,2169.0,2096.0,2097.0,3.4334763948497855,18449.0
Meghalaya,2014,2467.0,2467.0,,,2467.0
Meghalaya,2015,2524.0,2495.5,2467.0,2.310498581272801,4991.0
Meghalaya,2016,2592.0,2527.6666666666665,2524.0,2.694136291600634,7583.0
Meghalaya,2017,2650.0,2588.6666666666665,2592.0,2.2376543209876543,10233.0
Meghalaya,2018,2741.0,2661.0,2650.0,3.4339622641509435,12974.0
Meghalaya,2019,2808.0,2733.0,2741.0,2.4443633710324697,15782.0
Meghalaya,2020,2879.0,2809.3333333333335,2808.0,2.5284900284900287,18661.0
Meghalaya,2021,2943.0,2876.6666666666665,2879.0,2.2229940951719347,21604.0
Meghalaya,2022,3025.0,2949.0,2943.0,2.7862725110431534,24629.0
Meghalaya,2023,3099.0,3022.3333333333335,3025.0,2.446280991735537,27728.0
Mizoram,2014,1552.0,1552.0,,,1552.0
Mizoram,2015,1585.0,1568.5,1552.0,2.1262886597938144,3137.0
Mizoram,2016,1644.0,1593.6666666666667,1585.0,3.722397476340694,4781.0
Mizoram,2017,1692.0,1640.3333333333333,1644.0,2.9197080291970803,6473.0
Mizoram,2018,1742.0,1692.6666666666667,1692.0,2.955082742316785,8215.0
Mizoram,2019,1783.0,1739.0,1742.0,2.3536165327210106,9998.0
Mizoram,2020,1837.0,1787.3333333333333,1783.0,3.0286034772854737,11835.0
Mizoram,2021,1919.0,1846.3333333333333,1837.0,4.463799673380512,13754.0
Mizoram,2022,1985.0,1913.6666666666667,1919.0,3.4392912975508074,15739.0
Mizoram,2023,2063.0,1989.0,1985.0,3.929471032745592,17802.0
Nagaland,2014,1540.0,1540.0,,,1540.0
Nagaland,2015,1585.0,1562.5,1540.0,2.922077922077922,3125.0
Nagaland,2016,1608.0,1577.6666666666667,1585.0,1.451104100946372,4733.0
Nagaland,2017,1640.0,1611.0,1608.0,1.9900497512437811,6373.0
Nagaland,2018,1684.0,1644.0,1640.0,2.682926829268293,8057.0
Nagaland,2019,1719.0,1681.0,1684.0,2.0783847980997625,9776.0
Nagaland,2020,1768.0,1723.6666666666667,1719.0,2.8504944735311226,11544.0
Nagaland,2021,1805.0,1764.0,1768.0,2.092760180995475,13349.0
Nagaland,2022,1854.0,1809.0,1805.0,2.714681440443213,15203.0
Nagaland,2023,1890.0,1849.6666666666667,1854.0,1.9417475728155338,17093.0
Orissa,2014,44233.0,44233.0,,,44233.0
Orissa,2015,45277.0,44755.0,44233.0,2.3602287884611037,89510.0
Orissa,2016,46336.0,45282.0,45277.0,2.33893588356119,135846.0
Orissa,2017,47401.0,46338.0,46336.0,2.298428867403315,183247.0
Orissa,2018,48491.0,47409.333333333336,47401.0,2.299529545790173,231738.0
Orissa,2019,49604.0,48498.666666666664,48491.0,2.295271287455404,281342.0
Orissa,2020,50692.0,49595.666666666664,49604.0,2.1933715022982017,332034.0
Orissa,2021,51829.0,50708.333333333336,50692.0,2.242957468634104,383863.0
Orissa,2022,52960.0,51827.0,51829.0,2.182176001852245,436823.0
Orissa,2023,54136.0,52975.0,52960.0,2.2205438066465257,490959.0
Pondicherry,2014,1239.0,1239.0,,,1239.0
Pondicherry,2015,1287.0,1263.0,1239.0,3.87409200968523,2526.0
Pondicherry,2016,1348.0,1291.3333333333333,1287.0,4.73970473970474,3874.0
Pondicherry,2017,1407.0,1347.3333333333333,1348.0,4.376854599406528,5281.0
Pondicherry,2018,1469.0,1408.0,1407.0,4.4065387348969445,6750.0
Pondicherry,2019,1523.0,1466.3333333333333,1469.0,3.675970047651463,8273.0
Pondicherry,2020,1577.0,1523.0,1523.0,3.545633617859488,9850.0
Pondicherry,2021,1623.0,1574.3333333333333,1577.0,2.9169308814204187,11473.0
Pondicherry,2022,1679.0,1626.3333333333333,1623.0,3.4504004929143557,13152.0
Pondicherry,2023,1753.0,1685.0,1679.0,4.40738534842168,14905.0
Punjab,2014,33606.0,33606.0,,,33606.0
Punjab,2015,34425.0,34015.5,33606.0,2.437064809855383,68031.0
Punjab,2016,35247.0,34426.0,34425.0,2.3877995642701526,103278.0
Punjab,2017,36037.0,35236.333333333336,35247.0,2.2413255028796777,139315.0
Punjab,2018,36888.0,36057.333333333336,36037.0,2.361461830896024,176203.0
Punjab,2019,37744.0,36889.666666666664,36888.0,2.3205378442854045,213947.0
Punjab,2020,38636.0,37756.0,37744.0,2.3632895294616363,252583.0
Punjab,2021,39521.0,38633.666666666664,38636.0,2.290609793974532,292104.0
Punjab,2022,40435.0,39530.666666666664,39521.0,2.312694516839149,332539.0
Punjab,2023,41337.0,40431.0,40435.0,2.2307406949425004,373876.0
Rajasthan,2014,60581.0,60581.0,,,60581.0
Rajasthan,2015,62243.0,61412.0,60581.0,2.743434410128588,122824.0
Rajasthan,2016,63920.0,62248.0,62243.0,2.694278874732902,186744.0
Rajasthan,2017,65632.0,63931.666666666664,63920.0,2.6783479349186483,252376.0
Rajasthan,2018,67380.0,65644.0,65632.0,2.6633349585568014,319756.0
Rajasthan,2019,69156.0,67389.33333333333,67380.0,2.6357969723953696,388912.0
Rajasthan,2020,70987.0,69174.33333333333,69156.0,2.647637225981838,459899.0
Rajasthan,2021,72825.0,70989.33333333333,70987.0,2.589206474424895,532724.0
Rajasthan,2022,74725.0,72845.66666666667,72825.0,2.6089941640920014,607449.0
Rajasthan,2023,76655.0,74735.0,74725.0,2.5828036132485783,684104.0
Sikkim,2014,402.0,402.0,,,402.0
Sikkim,2015,403.0,402.5,402.0,0.24875621890547264,805.0
Sikkim,2016,410.0,405.0,403.0,1.7369727047146404,1215.0
Sikkim,2017,426.0,413.0,410.0,3.902439024390244,1641.0
Sikkim,2018,437.0,424.3333333333333,426.0,2.5821596244131455,2078.0
Sikkim,2019,443.0,435.3333333333333,437.0,1.3729977116704806,2521.0
Sikkim,2020,445.0,441.6666666666667,443.0,0.4514672686230248,2966.0
Sikkim,2021,465.0,451.0,445.0,4.49438202247191,3431.0
Sikkim,2022,496.0,468.6666666666667,465.0,6.666666666666667,3927.0
Sikkim,2023,525.0,495.3333333333333,496.0,5.846774193548387,4452.0
TOTAL,2014,1197922.0,1197922.0,,,1197922.0
TOTAL,2015,1228939.0,1213430.5,1197922.0,2.5892336896726165,2426861.0
TOTAL,2016,1260427.0,1229096.0,1228939.0,2.562210166655953,3687288.0
TOTAL,2017,1292534.0,1260633.3333333333,1260427.0,2.54731134766234,4979822.0
TOTAL,2018,1325232.0,1292731.0,1292534.0,2.529759371900468,6305054.0
TOTAL,2019,1358415.0,1325393.6666666667,1325232.0,2.5039389329566446,7663469.0
TOTAL,2020,1392179.0,1358608.6666666667,1358415.0,2.4855438139302053,9055648.0
TOTAL,2021,1426447.0,1392347.0,1392179.0,2.4614650845904156,10482095.0
TOTAL,2022,1461427.0,1426684.3333333333,1426447.0,2.4522467361212863,11943522.0
TOTAL,2023,1496972.0,1461615.3333333333,1461427.0,2.432211803942311,13440494.0
Tamil Nadu,2014,75693.0,75693.0,,,75693.0
Tamil Nadu,2015,77777.0,76735.0,75693.0,2.753226850567424,153470.0
Tamil Nadu,2016,79914.0,77794.66666666667,77777.0,2.747598904560474,233384.0
Tamil Nadu,2017,82117.0,79936.0,79914.0,2.756713466977,315501.0
Tamil Nadu,2018,84320.0,82117.0,82117.0,2.6827575288917034,399821.0
Tamil Nadu,2019,86596.0,84344.33333333333,84320.0,2.6992409867172675,486417.0
Tamil Nadu,2020,88866.0,86594.0,86596.0,2.6213681925262136,575283.0
Tamil Nadu,2021,91184.0,88882.0,88866.0,2.6084216685796595,666467.0
Tamil Nadu,2022,93536.0,91195.33333333333,91184.0,2.5793998947183714,760003.0
Tamil Nadu,2023,95944.0,93554.66666666667,93536.0,2.5744098528908657,855947.0
Telangana,2014,40965.0,40965.0,,,40965.0
Telangana,2015,42053.0,41509.0,40965.0,2.6559257903088005,83018.0
Telangana,2016,43129.0,42049.0,42053.0,2.558675956531044,126147.0
Telangana,2017,44230.0,43137.333333333336,43129.0,2.552806696190498,170377.0
Telangana,2018,45335.0,44231.333333333336,44230.0,2.498304318335971,215712.0
Telangana,2019,46464.0,45343.0,45335.0,2.490349619499283,262176.0
Telangana,2020,47620.0,46473.0,46464.0,2.487947658402204,309796.0
Telangana,2021,48775.0,47619.666666666664,47620.0,2.4254514909701803,358571.0
Telangana,2022,49983.0,48792.666666666664,48775.0,2.476678626345464,408554.0
Telangana,2023,51145.0,49967.666666666664,49983.0,2.3247904287457732,459699.0
Tripura,2014,2244.0,2244.0,,,2244.0
Tripura,2015,2285.0,2264.5,2244.0,1.8270944741532977,4529.0
Tripura,2016,2345.0,2291.3333333333335,2285.0,2.62582056892779,6874.0
Tripura,2017,2405.0,2345.0,2345.0,2.55863539445629,9279.0
Tripura,2018,2454.0,2401.3333333333335,2405.0,2.0374220374220373,11733.0
Tripura,2019,2507.0,2455.3333333333335,2454.0,2.1597392013039935,14240.0
Tripura,2020,2574.0,2511.6666666666665,2507.0,2.672516952532908,16814.0
Tripura,2021,2623.0,2568.0,2574.0,1.9036519036519035,19437.0
Tripura,2022,2715.0,2637.3333333333335,2623.0,3.5074342356080828,22152.0
Tripura,2023,2790.0,2709.3333333333335,2715.0,2.7624309392265194,24942.0
Uttar Pradesh,2014,174451.0,174451.0,,,174451.0
Uttar Pradesh,2015,178717.0,176584.0,174451.0,2.445385810342159,353168.0
Uttar Pradesh,2016,183066.0,178744.66666666666,178717.0,2.433456246467879,536234.0
Uttar Pradesh,2017,187536.0,183106.33333333334,183066.0,2.441742322441087,723770.0
Uttar Pradesh,2018,192019.0,187540.33333333334,187536.0,2.3904743622557802,915789.0
Uttar Pradesh,2019,196652.0,192069.0,192019.0,2.412782068441144,1112441.0
Uttar Pradesh,2020,201319.0,196663.33333333334,196652.0,2.3732278339401582,1313760.0
Uttar Pradesh,2021,206088.0,201353.0,201319.0,2.3688772545065295,1519848.0
Uttar Pradesh,2022,210958.0,206121.66666666666,206088.0,2.3630682038740733,1730806.0
Uttar Pradesh,2023,215931.0,210992.33333333334,210958.0,2.3573412717223334,1946737.0
Uttarakhand,2014,9895.0,9895.0,,,9895.0
Uttarakhand,2015,10144.0,10019.5,9895.0,2.516422435573522,20039.0
Uttarakhand,2016,10409.0,10149.333333333334,10144.0,2.6123817034700316,30448.0
Uttarakhand,2017,10664.0,10405.666666666666,10409.0,2.4498030550485157,41112.0
Uttarakhand,2018,10932.0,10668.333333333334,10664.0,2.5131282820705176,52044.0
Uttarakhand,2019,11216.0,10937.333333333334,10932.0,2.5978777899743872,63260.0
Uttarakhand,2020,11482.0,11210.0,11216.0,2.371611982881598,74742.0
Uttarakhand,2021,11779.0,11492.333333333334,11482.0,2.58665737676363,86521.0
Uttarakhand,2022,12065.0,11775.333333333334,11779.0,2.4280499193479925,98586.0
Uttarakhand,2023,12348.0,12064.0,12065.0,2.345627849150435,110934.0
West Bengal,2014,93513.0,93513.0,,,93513.0
West Bengal,2015,95926.0,94719.5,93513.0,2.5803898923144377,189439.0
West Bengal,2016,98342.0,95927.0,95926.0,2.5186080937389237,287781.0
West Bengal,2017,100817.0,98361.66666666667,98342.0,2.516727339285351,388598.0
West Bengal,2018,103309.0,100822.66666666667,100817.0,2.471805350288146,491907.0
West Bengal,2019,105814.0,103313.33333333333,103309.0,2.424764541327474,597721.0
West Bengal,2020,108394.0,105839.0,105814.0,2.4382406864876103,706115.0
West Bengal,2021,110972.0,108393.33333333333,108394.0,2.3783604258538293,817087.0
West Bengal,2022,113581.0,110982.33333333333,110972.0,2.3510435064701003,930668.0
West Bengal,2023,116230.0,113594.33333333333,113581.0,2.3322562752573055,1046898.0
